--
-- Script was generated by Devart dbForge Studio 2019 for MySQL, Version 8.2.23.0
-- Product home page: http://www.devart.com/dbforge/mysql/studio
-- Script date 2023.04.12. 13:14:21
-- Server version: 5.5.5-10.1.38-MariaDB
-- Client version: 4.1
--

-- 
-- Disable foreign keys
-- 
/*!40014 SET @OLD_FOREIGN_KEY_CHECKS=@@FOREIGN_KEY_CHECKS, FOREIGN_KEY_CHECKS=0 */;

-- 
-- Set SQL mode
-- 
/*!40101 SET @OLD_SQL_MODE=@@SQL_MODE, SQL_MODE='NO_AUTO_VALUE_ON_ZERO' */;

-- 
-- Set character set the client will use to send SQL statements to the server
--
SET NAMES 'utf8';

DROP DATABASE IF EXISTS webshop2;

CREATE DATABASE IF NOT EXISTS webshop2
	CHARACTER SET utf8
	COLLATE utf8_hungarian_ci;

--
-- Set default database
--
USE webshop2;

--
-- Create table `category`
--
CREATE TABLE IF NOT EXISTS category (
  id INT(11) NOT NULL AUTO_INCREMENT,
  name VARCHAR(50) DEFAULT NULL,
  PRIMARY KEY (id)
)
ENGINE = INNODB,
AUTO_INCREMENT = 4,
AVG_ROW_LENGTH = 5461,
CHARACTER SET utf8,
COLLATE utf8_hungarian_ci;

--
-- Create table `products`
--
CREATE TABLE IF NOT EXISTS products (
  id INT(11) NOT NULL AUTO_INCREMENT,
  name VARCHAR(50) DEFAULT NULL,
  price INT(11) DEFAULT NULL,
  quantity SMALLINT(6) DEFAULT NULL,
  categoryId INT(11) DEFAULT NULL,
  PRIMARY KEY (id)
)
ENGINE = INNODB,
AUTO_INCREMENT = 31,
AVG_ROW_LENGTH = 546,
CHARACTER SET utf8,
COLLATE utf8_hungarian_ci;

--
-- Create foreign key
--
ALTER TABLE products 
  ADD CONSTRAINT FK_products_category_id FOREIGN KEY (categoryId)
    REFERENCES category(id);

--
-- Create table `users`
--
CREATE TABLE IF NOT EXISTS users (
  id INT(11) NOT NULL AUTO_INCREMENT,
  firstName VARCHAR(255) DEFAULT NULL,
  lastName VARCHAR(255) DEFAULT NULL,
  gender VARCHAR(255) DEFAULT NULL,
  userName VARCHAR(255) DEFAULT NULL,
  email VARCHAR(50) DEFAULT NULL,
  password VARCHAR(255) DEFAULT NULL,
  number INT(11) DEFAULT NULL,
  PRIMARY KEY (id)
)
ENGINE = INNODB,
AUTO_INCREMENT = 16,
AVG_ROW_LENGTH = 1092,
CHARACTER SET utf8,
COLLATE utf8_hungarian_ci;

--
-- Create table `basket`
--
CREATE TABLE IF NOT EXISTS basket (
  id INT(11) NOT NULL AUTO_INCREMENT,
  userId INT(11) DEFAULT NULL,
  productId INT(11) DEFAULT NULL,
  purchaseId INT(11) DEFAULT NULL,
  quantityId INT(11) DEFAULT NULL,
  date DATETIME DEFAULT NULL,
  PRIMARY KEY (id)
)
ENGINE = INNODB,
CHARACTER SET utf8,
COLLATE utf8_hungarian_ci;

--
-- Create foreign key
--
ALTER TABLE basket 
  ADD CONSTRAINT FK_basket_products_id FOREIGN KEY (productId)
    REFERENCES products(id);

--
-- Create foreign key
--
ALTER TABLE basket 
  ADD CONSTRAINT FK_basket_users_id FOREIGN KEY (userId)
    REFERENCES users(id);

-- 
-- Dumping data for table category
--
INSERT INTO category VALUES
(1, 'Mechanical'),
(2, 'Membrane'),
(3, 'Razer Custom Switch');

-- 
-- Dumping data for table users
--
INSERT INTO users VALUES
(1, 'Kovács', 'Dávid', 'Man', 'kovacsdavid324', 'kovacsdavid324@gmail.com', 'kovacsdavid123', 0),
(2, 'Varga', 'Zsolt', 'Man', 'vargazsolt643', 'vargazsolt643@gmail.com', 'vargazsoltasd', 0),
(3, 'Szabó', 'Éva', 'Woman', 'szaboeva23', 'szaboeva23@gmail.com', 'szaboeva9999', 0),
(4, 'Eszterházy', 'Ottó', 'Man', 'eszterhazyotto77', 'eszterhazyotto77@gmail.com', 'ottoeszterhazy333', 0),
(5, 'Nagy', 'Ferenc', 'Man', 'nagyferenc634', 'ferencnagy5121@gmail.com', 'nagyferenc0', 1),
(6, 'Szabó', 'Albert', 'Man', 'szaboalbert99', 'szaboalbert012@gmail.com', 'szaboalbert321', 0),
(7, 'Rézműves', 'Ilona', 'Woman', 'rezmuvesilona4567', 'rezmuvesilona4567@gmail.com', 'rezmuvesilona432', 0),
(8, 'Kovács', 'Károly', 'Man', 'kovacskaroly111', 'kovacskaroly111@gmail.com', 'kovacskaroly623', 1),
(9, 'Kiss', 'Zoltán', 'Man', 'kisszoli1', 'kisszoltan1991@gmail.com', 'kisszoltan123', 1),
(10, 'Veréb', 'Sándor', 'Man', 'verebsandor55', 'sandorvereb1986@gmail.com', 'verebsandor123', 0),
(11, 'Szegedi', 'Imre', 'Man', 'szegediimre512', 'szegediimre1999@gmail.com', 'imreszegedi6000', 0),
(12, 'Vasvári', 'Olga', 'Woman', 'vasvariolga152', 'vasvariolga863235@gmail.com', 'vasvariolga47', 1),
(13, 'Szolnoki', 'Tamás', 'Man', 'tamasszolnoki6', 'tamasszolnoki111@gmail.com', 'tamasszolnoki04', 0),
(14, 'Heves', 'Pál', 'Man', 'palheves77', 'palheves123@gmail.com', 'hevespal000', 0),
(15, 'Tasnádi', 'Alex', 'Man', 'alextasnadi612', 'alextasnadi47@gmail.com', 'tasnadialex123', 1);

-- 
-- Dumping data for table products
--
INSERT INTO products VALUES
(1, 'Redragon Kumara RGB', 110, 70, 1),
(2, 'Logitech G413', 150, 54, 1),
(3, 'Genius Scorpion K215', 30, 40, 2),
(4, 'Logitech K400 Plus', 75, 59, 2),
(5, 'SPC Gear GK630K', 90, 62, 1),
(6, 'Keychron K3', 130, 56, 1),
(7, 'Tesoro Tizona Spectrum', 70, 47, 1),
(8, 'White Shark Commandos', 35, 90, 2),
(9, 'White Shark GK210', 45, 50, 2),
(10, 'ASUS ROG Claymore II', 220, 50, 1),
(11, 'Hama uRage Exodus 900', 80, 44, 1),
(12, 'SteelSeries Apex 3 TKL', 55, 70, 2),
(13, 'Razer BlackWidow V3 Tenkeyless', 110, 55, 3),
(14, 'ASUS TUF Gaming K1', 80, 70, 1),
(15, 'Razer Huntsman Mini', 130, 44, 3),
(16, 'ASUS ROG Strix Scope', 150, 21, 1),
(17, 'Logitech G PRO GX Clicky', 140, 18, 1),
(18, 'Redragon Karura K502', 25, 60, 2),
(19, 'Ducky One 2 SF', 180, 61, 1),
(20, 'Redragon Mitra K551', 50, 40, 2),
(21, 'Redragon Kumara 2 k552', 45, 20, 1),
(22, 'Spirit Of Gamer Pro K5', 25, 54, 2),
(23, 'HyperX Alloy Origins 60', 130, 60, 1),
(24, 'Razer Cynosa Lite US', 40, 47, 2),
(25, 'Hama uRage Illuminated 2', 25, 52, 2),
(26, 'HyperX Origins Core', 100, 41, 1),
(27, 'Cooler Master MK730', 110, 23, 1),
(28, 'Corsair K60 RGB', 145, 12, 1),
(29, 'Razer Pro Type US', 180, 40, 3),
(30, 'SteelSeries Apex 7', 200, 30, 1);

-- 
-- Dumping data for table basket
--
-- Table webshop2.basket does not contain any data (it is empty)

-- 
-- Restore previous SQL mode
-- 
/*!40101 SET SQL_MODE=@OLD_SQL_MODE */;

-- 
-- Enable foreign keys
-- 
/*!40014 SET FOREIGN_KEY_CHECKS=@OLD_FOREIGN_KEY_CHECKS */;